trp_unarmed_troop|Troupe non armée
trp_unarmed_troop_pl|Troupes non armées
trp_tutorial_maceman|Porteur de hache
trp_tutorial_maceman_pl|Porteurs de haches
trp_tutorial_archer|Archer
trp_tutorial_archer_pl|Archers
trp_tutorial_swordsman|Épéiste
trp_tutorial_swordsman_pl|Épéistes
trp_novice_fighter|Combattant novice
trp_novice_fighter_pl|Combattants novices
trp_regular_fighter|Combattant qualifié
trp_regular_fighter_pl|Combattants qualifiés
trp_veteran_fighter|Combattant vétéran
trp_veteran_fighter_pl|Combattants vétérans
trp_champion_fighter|Combattant champion
trp_champion_fighter_pl|Combattants champions
trp_arena_training_fighter_1|Combattant novice
trp_arena_training_fighter_1_pl|Combattants novices
trp_arena_training_fighter_2|Combattant novice
trp_arena_training_fighter_2_pl|Combattants novices
trp_arena_training_fighter_3|Combattant qualifié
trp_arena_training_fighter_3_pl|Combattants qualifiés
trp_arena_training_fighter_4|Combattant qualifié
trp_arena_training_fighter_4_pl|Combattants qualifiés
trp_arena_training_fighter_5|Combattant qualifié
trp_arena_training_fighter_5_pl|Combattants qualifiés
trp_arena_training_fighter_6|Combattant vétéran
trp_arena_training_fighter_6_pl|Combattants vétérans
trp_arena_training_fighter_7|Combattant vétéran
trp_arena_training_fighter_7_pl|Combattants vétérans
trp_arena_training_fighter_8|Combattant vétéran
trp_arena_training_fighter_8_pl|Combattants vétérans
trp_arena_training_fighter_9|Champion
trp_arena_training_fighter_9_pl|Champions
trp_arena_training_fighter_10|Champion
trp_arena_training_fighter_10_pl|Champions
trp_cattle|Bétail
trp_cattle_pl|Bétail
trp_farmer|Fermier
trp_farmer_pl|Fermiers
trp_townsman|Habitant
trp_townsman_pl|Habitants
trp_watchman|Sentinelle
trp_watchman_pl|Sentinelles
trp_woodmen_youth|Forestier
trp_woodmen_youth_pl|Forestiers
trp_woodmen_forester|Forestier de la Forêt Noire
trp_woodmen_forester_pl|Forestiers de la Forêt Noire
trp_woodmen_skilled_forester|Forestier expérimenté de la Forêt Noire
trp_woodmen_skilled_forester_pl|Forestiers expérimentés de la Forêt Noire
trp_woodmen_axemen|Manieur de hache de la Forêt Noire
trp_woodmen_axemen_pl|Manieurs de hache de la Forêt Noire
trp_woodmen_master_axemen|Maître manieur de hache de la Forêt Noire
trp_woodmen_master_axemen_pl|Maîtres manieurs de haches de la Forêt Noire
trp_woodmen_tracker|Traqueur de la Forêt Noire
trp_woodmen_tracker_pl|Traqueurs de la Forêt Noire
trp_woodmen_scout|Éclaireur de la Forêt Noire
trp_woodmen_scout_pl|Éclaireurs de la Forêt Noire
trp_woodmen_archer|Archer de la Forêt Noire
trp_woodmen_archer_pl|Archers de la Forêt Noire
trp_fell_huntsmen_of_mirkwood|Chasseur expert de la Forêt Noire
trp_fell_huntsmen_of_mirkwood_pl|Chasseurs experts de la Forêt Noire
trp_beorning_vale_man|Beornide
trp_beorning_vale_man_pl|Beornides
trp_beorning_warrior|Guerrier beornide
trp_beorning_warrior_pl|Guerriers beornides
trp_beorning_tolltacker|Douanier beornide
trp_beorning_tolltacker_pl|Douaniers beornides
trp_beorning_sentinel|Sentinelle beornide
trp_beorning_sentinel_pl|Sentinelles beornides
trp_beorning_warden_of_the_ford|Gardien beornide du Gué
trp_beorning_warden_of_the_ford_pl|Gardiens beornides du Gué
trp_beorning_carrock_lookout|Guetteur beornide du Carrock
trp_beorning_carrock_lookout_pl|Guetteurs beornides du Carrock
trp_beorning_carrock_fighter|Combattant beornide du Carrock
trp_beorning_carrock_fighter_pl|Combattants beornides du Carrock
trp_beorning_carrock_berserker|Berserker beornide du Carrock
trp_beorning_carrock_berserker_pl|Berserkers beornides du Carrock 
trp_dale_militia|Milicien de Dale
trp_dale_militia_pl|Milice de Dale
trp_dale_man_at_arms|Homme d'armes de Dale
trp_dale_man_at_arms_pl|Hommes d'armes de Dale
trp_laketown_scout|Éclaireur de Lacville
trp_laketown_scout_pl|Éclaireurs de Lacville
trp_laketown_bowmen|Archer novice de Lacville
trp_laketown_bowmen_pl|Archers novices de Lacville
trp_laketown_archer|Archer de Lacville
trp_laketown_archer_pl|Archers de Lacville
trp_barding_bowmen_of_esgaroth|Archer de Bard d'Esgaroth
trp_barding_bowmen_of_esgaroth_pl|Archers de Bard d'Esgaroth
trp_dale_warrior|Guerrier de Dale
trp_dale_warrior_pl|Guerriers de Dale
trp_dale_veteran_warrior|Guerrier vétéran de Dale
trp_dale_veteran_warrior_pl|Guerriers vétérans de Dale
trp_dale_marchwarden|Gardien des Marches de Dale
trp_dale_marchwarden_pl|Gardiens des Marches de Dale
trp_dale_pikeman|Lancier de Dale
trp_dale_pikeman_pl|Lanciers de Dale
trp_dale_billman|Vougier de Dale
trp_dale_billman_pl|Vougiers de Dale
trp_dale_bill_master|Maître-vougier de Dale
trp_dale_bill_master_pl|Maîtres-vougiers de Dale
trp_merchant_squire_or_dale|Écuyer marchant de Dale
trp_merchant_squire_or_dale_pl|Écuyers marchants de Dale
trp_merchant_guard_of_dale|Garde marchant de Dale
trp_merchant_guard_of_dale_pl|Gardes marchants de Dale
trp_merchant_protector_of_dale|Protecteur marchant de Dale
trp_merchant_protector_of_dale_pl|Protecteurs marchants de Dale
trp_girions_guard_of_dale|Gardes de Girion de Dale
trp_girions_guard_of_dale_pl|Gardes de Girion de Dale
trp_rhun_tribesman|Homme des tribus de Rhûn
trp_rhun_tribesman_pl|Hommes des tribus de Rhûn
trp_rhun_horse_scout|Éclaireur à cheval de Rhûn
trp_rhun_horse_scout_pl|Éclaireurs à cheval de Rhûn
trp_rhun_horse_archer|Archer monté de Rhûn
trp_rhun_horse_archer_pl|Archers montés de Rhûn
trp_rhun_veteran_horse_archer|Archer monté vétéran de Rhûn
trp_rhun_veteran_horse_archer_pl|Archers montés vétérans de Rhûn 
trp_fell_balchoth_horse_archer|Archer monté balchoth
trp_fell_balchoth_horse_archer_pl|Archers montés balchoths
trp_rhun_swift_horseman|Cavalier agile de Rhûn
trp_rhun_swift_horseman_pl|Cavaliers agiles de Rhûn
trp_rhun_veteran_swift_horseman|Cavalier agile vétéran de Rhûn
trp_rhun_veteran_swift_horseman_pl|Cavaliers agiles vétérans de Rhûn
trp_falcon_horseman|Cavalier faucon
trp_falcon_horseman_pl|Cavaliers faucons
trp_rhun_tribal_warrior|Guerrier tribal de Rhûn
trp_rhun_tribal_warrior_pl|Guerriers tribaux de Rhûn
trp_rhun_tribal_infantry|Fantassin tribal de Rhûn
trp_rhun_tribal_infantry_pl|Infanterie tribale de Rhûn
trp_rhun_vet_infantry|Fantassin tribal vétéran de Rhûn
trp_rhun_vet_infantry_pl|Infanterie tribale vétérane de Rhûn
trp_infantry_of_the_ox|Fantassin de l'Auroch
trp_infantry_of_the_ox_pl|Infanterie de l'Auroch
trp_rhun_light_horseman|Cavalier léger de Rhûn
trp_rhun_light_horseman_pl|Cavaliers légers de Rhûn
trp_rhun_light_cavalry|Cavalier léger de Rhûn
trp_rhun_light_cavalry_pl|Cavaliers légers de Rhûn
trp_rhun_noble_cavalry|Cavalier noble de Rhûn
trp_rhun_noble_cavalry_pl|Cavalerie noble de Rhûn
trp_rhun_heavy_noble_cavalry|Cavalerie noble lourde de Rhûn
trp_rhun_heavy_noble_cavalry_pl|Cavalerie noble lourde de Rhûn
trp_dorwinion_noble_of_rhun|Noble de Rhûn du Dorwinion
trp_dorwinion_noble_of_rhun_pl|Nobles de Rhûn du Dorwinion
trp_dwarven_apprentice|Apprenti nain
trp_dwarven_apprentice_pl|Apprentis nains
trp_dwarven_warrior|Guerrier nain
trp_dwarven_warrior_pl|Guerriers nains
trp_dwarven_hardened_warrior|Guerrier nain endurci
trp_dwarven_hardened_warrior_pl|Guerriers nains endurcis
trp_dwarven_spearman|Lancier nain
trp_dwarven_spearman_pl|Lanciers nains
trp_dwarven_pikeman|Piquier nain
trp_dwarven_pikeman_pl|Piquiers nains
trp_dwarven_halberdier|Hallebardier nain
trp_dwarven_halberdier_pl|Hallebardiers nains
trp_dwarven_axeman|Porteur de hache nain
trp_dwarven_axeman_pl|Porteurs de haches nains
trp_dwarven_expert_axeman|Porteur de hache nain expert
trp_dwarven_expert_axeman_pl|Porteurs de haches nains experts
trp_longbeard_axeman|Porteur de hache des Longues-barbes
trp_longbeard_axeman_pl|Porteurs de haches des Longues-barbes
trp_dwarven_lookout|Guetteur nain
trp_dwarven_lookout_pl|Guetteurs nains
trp_dwarven_scout|Éclaireur nain
trp_dwarven_scout_pl|Éclaireurs nains
trp_dwarven_bowman|Archer novice nain
trp_dwarven_bowman_pl|Archers novices nains
trp_dwarven_archer|Archer nain
trp_dwarven_archer_pl|Archers nains
trp_marksman_of_ravenhill|Tireur d'élite de la\tColline des Corbeaux
trp_marksman_of_ravenhill_pl|Tireurs d'élite de la Colline des Corbeaux
trp_iron_hills_miner|Mineur des Monts du Fer
trp_iron_hills_miner_pl|Mineurs des Monts du Fer
trp_iron_hills_infantry|Infanterie des Monts du Fer
trp_iron_hills_infantry_pl|Infanterie des Monts du Fer
trp_iron_hills_battle_infantry|Combattant des Monts du Fer
trp_iron_hills_battle_infantry_pl|Combattants des Monts du Fer
trp_grors_guard|Garde de Gror
trp_grors_guard_pl|Gardes de Gror 
trp_gondor_commoner|Conscrit du Gondor
trp_gondor_commoner_pl|Conscrits du Gondor
trp_gondor_militiamen|Guetteur du Gondor
trp_gondor_militiamen_pl|Guetteurs du Gondor
trp_footmen_of_gondor|Fantassin du Gondor
trp_footmen_of_gondor_pl|Infanterie du Gondor
trp_gondor_spearmen|Lancier du Gondor
trp_gondor_spearmen_pl|Lanciers du Gondor
trp_gondor_veteran_spearmen|Lancier vétéran du Gondor
trp_gondor_veteran_spearmen_pl|Lanciers vétérans du Gondor
trp_guard_of_the_fountain_court|Garde de la Fontaine
trp_guard_of_the_fountain_court_pl|Gardes de la Fontaine
trp_gondor_swordsmen|Épéiste du Gondor
trp_gondor_swordsmen_pl|Épéistes du Gondor
trp_gondor_veteran_swordsmen|Épéiste vétéran du Gondor
trp_gondor_veteran_swordsmen_pl|Épéistes vétérans du Gondor
trp_swordsmen_of_the_tower_guard|Epéiste de la Garde de la Tour
trp_swordsmen_of_the_tower_guard_pl|Épéistes de la Garde de la Tour
trp_gondor_noblemen|Noble du Gondor
trp_gondor_noblemen_pl|Nobles du Gondor
trp_squire_of_gondor|Écuyer du Gondor
trp_squire_of_gondor_pl|Écuyers du Gondor
trp_veteran_squire_of_gondor|Écuyer vétéran du Gondor
trp_veteran_squire_of_gondor_pl|Écuyers vétérans du Gondor
trp_knight_of_gondor|Chevalier du Gondor
trp_knight_of_gondor_pl|Chevaliers du Gondor
trp_veteran_knight_of_gondor|Chevalier vétéran du Gondor
trp_veteran_knight_of_gondor_pl|Chevaliers vétérans du Gondor
trp_knight_of_the_citadel|Chevalier de la Citadelle
trp_knight_of_the_citadel_pl|Chevaliers de la Citadelle
trp_bowmen_of_gondor|Archer novice du Gondor
trp_bowmen_of_gondor_pl|Archers novices du Gondor
trp_archer_of_gondor|Archer du Gondor
trp_archer_of_gondor_pl|Archers du Gondor
trp_veteran_archer_of_gondor|Archer vétéran du Gondor
trp_veteran_archer_of_gondor_pl|Archers vétérans du Gondor
trp_archer_of_the_tower_guard|Archer de la Garde de la Tour
trp_archer_of_the_tower_guard_pl|Archers de la Garde de la Tour
trp_steward_guard|Garde de l'Intendant
trp_steward_guard_pl|Gardes de l'Intendant
trp_ranger_of_ithilien|Rôdeur de l'Ithilien
trp_ranger_of_ithilien_pl|Rôdeurs de l'Ithilien
trp_veteran_ranger_of_ithilien|Rôdeur vétéran de l'Ithilien
trp_veteran_ranger_of_ithilien_pl|Rôdeurs vétérans de l'Ithilien
trp_master_ranger_of_ithilien|Maître-rôdeur de l'Ithilien
trp_master_ranger_of_ithilien_pl|Maîtres-rôdeurs de l'Ithilien
trp_ithilien_leader|Capitaine des Rôdeurs de l'Ithilien
trp_ithilien_leader_pl|Capitaines des Rôdeurs de l'Ithilien
trp_woodsman_of_lossarnach|Forestier du Lossarnach
trp_woodsman_of_lossarnach_pl|Forestiers du Lossarnach
trp_axeman_of_lossarnach|Porteur de hache du Lossarnach
trp_axeman_of_lossarnach_pl|Porteurs de haches du Lossarnach 
trp_vet_axeman_of_lossarnach|Porteur de hache vétéran du Lossarnach
trp_vet_axeman_of_lossarnach_pl|Porteurs de haches vétérans du Lossarnach
trp_heavy_lossarnach_axeman|Porteur de hache lourd du Lossarnach
trp_heavy_lossarnach_axeman_pl|Porteurs de haches lourds du Lossarnach
trp_axemaster_of_lossarnach|Maître-porteur de hache du Lossarnach
trp_axemaster_of_lossarnach_pl|Maîtres-porteurs de haches du Lossarnach
trp_lossarnach_leader|Capitaine du Lossarnach
trp_lossarnach_leader_pl|Capitaines du Lossarnach
trp_pelargir_watchman|Guetteur de Pelargir
trp_pelargir_watchman_pl|Guetteurs de Pelargir
trp_pelargir_marine|Marin de Pelargir
trp_pelargir_marine_pl|Marins de Pelargir
trp_pelargir_vet_marine|Marin vétéran de Pelargir
trp_pelargir_vet_marine_pl|Marins vétérans de Pelargir
trp_pelargir_infantry|Fantassin de Pelargir
trp_pelargir_infantry_pl|Infanterie de Pelargir
trp_pelargir_vet_infantry|Fantassin vétéran de Pelargir
trp_pelargir_vet_infantry_pl|Infanterie vétérante de Pelargir
trp_pelargir_leader|Capitaine de Pelargir
trp_pelargir_leader_pl|Capitaines de Pelargir
trp_pelargir_marine_leader|Capitaine des Marins de Pelargir
trp_pelargir_marine_leader_pl|Capitaines des Marins de Pelargir
trp_clansman_of_lamedon|Membre de clan du Lamedon
trp_clansman_of_lamedon_pl|Membres de clan du Lamedon
trp_footman_of_lamedon|Fantassin du Lamedon
trp_footman_of_lamedon_pl|Infanterie du Lamedon
trp_veteran_of_lamedon|Vétéran du Lamedon
trp_veteran_of_lamedon_pl|Vétérans du Lamedon
trp_warrior_of_lamedon|Guerrier du Lamedon
trp_warrior_of_lamedon_pl|Guerriers du Lamedon
trp_champion_of_lamedon|Champion du Lamedon
trp_champion_of_lamedon_pl|Champions du Lamedon
trp_knight_of_lamedon|Chevalier du Lamedon
trp_knight_of_lamedon_pl|Chevaliers du Lamedon
trp_lamedon_leader|Capitaine du Lamedon
trp_lamedon_leader_pl|Capitaines du Lamedon
trp_pinnath_gelin_plainsman|Homme des plaines de Pinnath Gelin
trp_pinnath_gelin_plainsman_pl|Hommes des plaines de Pinnath Gelin
trp_pinnath_gelin_spearman|Lancier de Pinnath Gelin
trp_pinnath_gelin_spearman_pl|Lanciers de Pinnath Gelin
trp_warrior_of_pinnath_gelin|Guerrier de Pinnath Gelin
trp_warrior_of_pinnath_gelin_pl|Guerriers de Pinnath Gelin
trp_pinnath_gelin_bowman|Archer novice de Pinath Gelin
trp_pinnath_gelin_bowman_pl|Archers novices de Pinnath Gelin
trp_pinnath_gelin_archer|Archer de Pinnath Gelin
trp_pinnath_gelin_archer_pl|Archers de Pinnath Gelin
trp_pinnath_leader|Capitaine de Pinnath Gelin
trp_pinnath_leader_pl|Capitaines de Pinnath Gelin 
trp_blackroot_vale_archer|Chasseur du Val de Blackroot
trp_blackroot_vale_archer_pl|Chasseurs du Val de Blackroot
trp_veteran_blackroot_vale_archer|Archer novice du Val de la Blackroot
trp_veteran_blackroot_vale_archer_pl|Archer novice du Val de Blackroot
trp_master_blackroot_vale_archer|Archer du Val de Blckroot
trp_master_blackroot_vale_archer_pl|Archers du Val de Blackroot
trp_footman_of_blackroot_vale|Fantassin du Val de Blackroot
trp_footman_of_blackroot_vale_pl|Infanterie du Val de Blackroot
trp_spearman_of_blackroot_vale|Lancier du Val de Blackroot
trp_spearman_of_blackroot_vale_pl|Lanciers du Val de Blackroot
trp_blackroot_leader|Capitaine du Val de Blackroot
trp_blackroot_leader_pl|Capitaines du Val de Blackroot
trp_dol_amroth_youth|Recrue de Dol Amroth
trp_dol_amroth_youth_pl|Recrues de Dol Amroth
trp_squire_of_dol_amroth|Écuyer de Dol Amroth
trp_squire_of_dol_amroth_pl|Écuyers de Dol Amroth
trp_veteran_squire_of_dol_amroth|Écuyer vétéran de Dol Amroth
trp_veteran_squire_of_dol_amroth_pl|Écuyers vétérans de Dol Amroth
trp_knight_of_dol_amroth|Chevalier de Dol Amroth
trp_knight_of_dol_amroth_pl|Chevaliers de Dol Amroth
trp_veteran_knight_of_dol_amroth|Chevalier vétéran de Dol Amroth
trp_veteran_knight_of_dol_amroth_pl|Chevaliers vétérans de Dol Amroth
trp_swan_knight_of_dol_amroth|Chevalier au Cygne de Dol Amroth
trp_swan_knight_of_dol_amroth_pl|Chevaliers au Cygne de Dol Amroth
trp_dol_amroth_leader|Capitaine de Dol Amroth
trp_dol_amroth_leader_pl|Capitaines de Dol Amroth 
trp_lothlorien_scout|Éclaireur de la Lothlórien
trp_lothlorien_scout_pl|Éclaireurs de la Lothlórien
trp_lothlorien_veteran_scout|Éclaireur vétéran de la Lothlórien
trp_lothlorien_veteran_scout_pl|Éclaireurs vétérans de la Lothlórien
trp_lothlorien_archer|Archer de la Lothlórien
trp_lothlorien_archer_pl|Archers de la Lothlórien
trp_lothlorien_veteran_archer|Archer vétéran de la Lothlórien
trp_lothlorien_veteran_archer_pl|Archers vétérans de la Lothlórien
trp_lothlorien_master_archer|Maître-archer de la Lothlórien
trp_lothlorien_master_archer_pl|Maîtres-archers de la Lothlórien
trp_galadhrim_royal_archer|Archer royal des Galadhrim
trp_galadhrim_royal_archer_pl|Archers royaux des Galadhrim
trp_galadhrim_royal_marksman|Archer royal d'élite des Galadhrim
trp_galadhrim_royal_marksman_pl|Archers royaux d'élite des Galadhrim
trp_noldorin_mounted_archer|Archer monté ñoldorin
trp_noldorin_mounted_archer_pl|Archers montés ñoldorin
trp_lothlorien_infantry|Fantassin de la Lothlórien
trp_lothlorien_infantry_pl|Infanterie de la Lothlórien
trp_lothlorien_veteran_infantry|Fantassin vétéran de la Lothlórien
trp_lothlorien_veteran_infantry_pl|Infanterie vétérante de la Lothlórien
trp_lothlorien_elite_infantry|Infanterie d'élite de la Lothlórien
trp_lothlorien_elite_infantry_pl|Infanterie d'élite de la Lothlórien
trp_galadhrim_royal_swordsman|Épéiste royal des Galadhrim
trp_galadhrim_royal_swordsman_pl|Épéistes royaux des Galadhrim
trp_lothlorien_warden|Gardien de la Lothlórien
trp_lothlorien_warden_pl|Gardiens de la Lothlórien
trp_lothlorien_veteran_warden|Gardien vétéran de la Lothlórien
trp_lothlorien_veteran_warden_pl|Gardiens vétérans de la Lothlórien
trp_galadhrim_royal_warden|Gardien royal des Galadhrim
trp_galadhrim_royal_warden_pl|Gardiens royaux des Galadhrim
trp_lothlorien_standard_bearer|Porte-étendard de la Lothlórien
trp_lothlorien_standard_bearer_pl|Porte-étendards de la Lothlórien
trp_greenwood_scout|Éclaireur de Verbois
trp_greenwood_scout_pl|Éclaireurs de Verbois
trp_greenwood_veteran_scout|Éclaireur vétéran de Verbois
trp_greenwood_veteran_scout_pl|Éclaireur vétérans de Verbois
trp_greenwood_archer|Archer novice de Verbois
trp_greenwood_archer_pl|Archers novices de Verbois
trp_greenwood_veteran_archer|Archer de Verbois
trp_greenwood_veteran_archer_pl|Archers de Verbois
trp_greenwood_master_archer|Archer vétéran de Verbois
trp_greenwood_master_archer_pl|Archers vétérans de Verbois
trp_thranduils_royal_marksman|Archer dՎlite de Thranduil
trp_thranduils_royal_marksman_pl|Archers dՎlite de Thranduil
trp_greenwood_sentinel|Sentinelle de Verbois
trp_greenwood_sentinel_pl|Sentinelles de Verbois
trp_greenwood_vet_sentinel|Sentinelle vétérante de Verbois
trp_greenwood_vet_sentinel_pl|Sentinelles vétérantes de Verbois
trp_mirkwood_guardsman|Garde de Verbois
trp_mirkwood_guardsman_pl|Gardes de Verbois
trp_greenwood_spearman|Lancier de Verbois
trp_greenwood_spearman_pl|Lanciers de Verbois
trp_greenwood_veteran_spearman|Lancier vétéran de Verbois
trp_greenwood_veteran_spearman_pl|Lanciers vétérans de Verbois
trp_greenwood_royal_spearman|Lancier d'élite de Verbois
trp_greenwood_royal_spearman_pl|Lanciers d'élite de Verbois
trp_thranduils_royal_swordsman|Épéiste royal de Thranduil
trp_thranduils_royal_swordsman_pl|Épéistes royaux de Thranduil
trp_thranduils_spearman|Lancier royal de Thranduil
trp_thranduils_spearman_pl|Lanciers royaux de Thranduil
trp_greenwood_standard_bearer|Porte-étendard de Verbois
trp_greenwood_standard_bearer_pl|Porte-étendards de Verbois
trp_rivendell_scout|Éclaireur de Fondcombe
trp_rivendell_scout_pl|Éclaireurs de Fondcombe
trp_rivendell_veteran_scout|Éclaireur vétéran de Fondcombe
trp_rivendell_veteran_scout_pl|Éclaireurs vétérans de Fondcombe
trp_rivendell_sentinel|Sentinelle de Fondcombe
trp_rivendell_sentinel_pl|Sentinelles de Fondcombe
trp_rivendell_veteran_sentinel|Sentinelle vétérante de Fondcombe
trp_rivendell_veteran_sentinel_pl|Sentinelles vétérantes de Fondcombe
trp_rivendell_elite_sentinel|Sentinelle dՎlite de Fondcombe
trp_rivendell_elite_sentinel_pl|Sentinelles dՎlite de Fondcombe
trp_rivendell_guardian|Gardien de Fondcombe
trp_rivendell_guardian_pl|Gardiens de Fondcombe
trp_rivendell_infantry|Fantassin de Fondcombe
trp_rivendell_infantry_pl|Infanterie de Fondcombe
trp_rivendell_veteran_infantry|Fantassin vétéran de Fondcombe
trp_rivendell_veteran_infantry_pl|Infanterie vétérane de Fondcombe
trp_rivendell_elite_infantry|Fantassin dՎlite de Fondcombe
trp_rivendell_elite_infantry_pl|Infanterie dՎlite de Fondcombe
trp_rivendell_royal_infantry|Garde royal de Fondcombe
trp_rivendell_royal_infantry_pl|Gardes royaux de Fondcombe
trp_rivendell_cavalry|Cavalier de Fondcombe
trp_rivendell_cavalry_pl|Cavalerie de Fondcombe
trp_knight_of_rivendell|Chevalier de Fondcombe
trp_knight_of_rivendell_pl|Chevaliers de Fondcombe
trp_rivendell_standard_bearer|Porte-étendard de Fondcombe
trp_rivendell_standard_bearer_pl|Porte-étendards de Fondcombe
trp_dunedain_scout|Éclaireur dúnadan
trp_dunedain_scout_pl|Éclaireurs dúnedain
trp_dunedain_trained_scout|Pisteur dúnadan
trp_dunedain_trained_scout_pl|Pisteurs dúnedain
trp_arnor_man_at_arms|Homme d'armes de l'Arnor
trp_arnor_man_at_arms_pl|Hommes d'armes de l'Arnor
trp_arnor_master_at_arms|Maître d'armes de l'Arnor
trp_arnor_master_at_arms_pl|Maîtres d'armes de l'Arnor
trp_high_swordsman_of_arnor|Haut-épéiste de l'Arnor
trp_high_swordsman_of_arnor_pl|Hauts-épéistes de l'Arnor
trp_arnor_horsemen|Cavalier de l'Arnor
trp_arnor_horsemen_pl|Cavaliers de l'Arnor
trp_knight_of_arnor|Chevalier de l'Arnor
trp_knight_of_arnor_pl|Chevaliers de l'Arnor
trp_dunedain_ranger|Rôdeur dúnadan
trp_dunedain_ranger_pl|Rôdeurs dúnedain
trp_dunedain_veteran_ranger|Rôdeur dúnadan vétéran
trp_dunedain_veteran_ranger_pl|Rôdeurs dúnedain vétérans
trp_dunedain_master_ranger|Maître rôdeur dúnadan
trp_dunedain_master_ranger_pl|Maîtres-rôdeurs dúnedain
trp_rohan_youth|Recrue du Rohan
trp_rohan_youth_pl|Recrues du Rohan
trp_guardsman_of_rohan|Gardien du Rohan
trp_guardsman_of_rohan_pl|Gardiens du Rohan
trp_footman_of_rohan|Fantassin du Rohan
trp_footman_of_rohan_pl|Fantassins du Rohan
trp_veteran_footman_of_rohan|Fantassin vétéran du Rohan
trp_veteran_footman_of_rohan_pl|Fantassins vétérans du Rohan
trp_elite_footman_of_rohan|Fantassin d'élite du Rohan
trp_elite_footman_of_rohan_pl|Fantassins d'élite du Rohan
trp_folcwine_guard_of_rohan|Garde de Folcwine
trp_folcwine_guard_of_rohan_pl|Gardes de Folcwine
trp_raider_of_rohan|Cavalier de Frealaf
trp_raider_of_rohan_pl|Cavaliers de Frealaf
trp_heavy_swordsman_of_rohan|Épéiste lourd du Rohan
trp_heavy_swordsman_of_rohan_pl|Épéistes lourds du Rohan
trp_warden_of_methuseld|Garde de Meduseld
trp_warden_of_methuseld_pl|Gardes de Meduseld
trp_skirmisher_of_rohan|Tirailleur du Rohan
trp_skirmisher_of_rohan_pl|Tirailleurs du Rohan
trp_veteran_skirmisher_of_rohan|Tirailleur vétéran du Rohan
trp_veteran_skirmisher_of_rohan_pl|Tirailleurs vétérans du Rohan
trp_elite_skirmisher_of_rohan|Tirailleur d'élite du Rohan
trp_elite_skirmisher_of_rohan_pl|Tirailleurs d'élite du Rohan
trp_thengel_guard_of_rohan|Garde de Thengel
trp_thengel_guard_of_rohan_pl|Gardes de Thengel
trp_lancer_of_rohan|Lancier du Rohan
trp_lancer_of_rohan_pl|Lanciers du Rohan
trp_elite_lancer_of_rohan|Lancier d'élite du Rohan
trp_elite_lancer_of_rohan_pl|Lanciers d'élite du Rohan
trp_brego_guard_of_rohan|Garde de Brego
trp_brego_guard_of_rohan_pl|Gardes de Brego
trp_king_s_man_of_rohan|Garde du Roi
trp_king_s_man_of_rohan_pl|Gardes du Roi
trp_squire_of_rohan|Écuyer du Rohan
trp_squire_of_rohan_pl|Écuyers du Rohan
trp_rider_of_rohan|Cavalier du Rohan
trp_rider_of_rohan_pl|Cavaliers du Rohan
trp_veteran_rider_of_rohan|Cavalier vétéran du Rohan
trp_veteran_rider_of_rohan_pl|Cavaliers vétérans du Rohan
trp_elite_rider_of_rohan|Cavalier d'élite du Rohan
trp_elite_rider_of_rohan_pl|Cavaliers d'élite du Rohan
trp_eorl_guard_of_rohan|Garde d'Eorl
trp_eorl_guard_of_rohan_pl|Gardes d'Eorl
trp_dismounted_skirmisher_of_rohan|Archer du Rohan
trp_dismounted_skirmisher_of_rohan_pl|Archers du Rohan
trp_dismounted_veteran_skirmisher_of_rohan|Archer vétéran du Rohan
trp_dismounted_veteran_skirmisher_of_rohan_pl|Archers vétérans du Rohan
trp_dismounted_elite_skirmisher_of_rohan|Archer d'élite du Rohan
trp_dismounted_elite_skirmisher_of_rohan_pl|Archer s d'élite du Rohan
trp_dismounted_thengel_guard_of_rohan|Garde de Thengel
trp_dismounted_thengel_guard_of_rohan_pl|Gardes de Thengel
trp_harad_desert_warrior|Recrue du Harad
trp_harad_desert_warrior_pl|Recrues du Harad
trp_harad_infantry|Infanterie légère du Harad
trp_harad_infantry_pl|Infanterie légère du Harad
trp_harad_veteran_infantry|Lancier du Harad
trp_harad_veteran_infantry_pl|Lanciers du Harad
trp_harad_tiger_guard|Garde du Tigre
trp_harad_tiger_guard_pl|Gardes de Tigre
trp_harad_swordsman|Épéiste du Harad
trp_harad_swordsman_pl|Épéistes du Harad
trp_harad_lion_guard|Garde du Lion
trp_harad_lion_guard_pl|Gardes du Lion
trp_harad_skirmisher|Tirailleur du Harad
trp_harad_skirmisher_pl|Tirailleurs du Harad
trp_harad_archer|Archer du Harad
trp_harad_archer_pl|Archers du Harad
trp_harad_eagle_guard|Garde de l'Aigle
trp_harad_eagle_guard_pl|Gardes de l'Aigle
trp_harondor_scout|Éclaireur de l'Harondor
trp_harondor_scout_pl|Éclaireurs de l'Harondor
trp_harondor_rider|Cavalier de l'Harondor
trp_harondor_rider_pl|Cavaliers de l'Harondor
trp_harondor_light_cavalry|Cavalerie légère de l'Harondor
trp_harondor_light_cavalry_pl|Cavalerie légère de l'Harondor
trp_fang_heavy_cavalry|Cavalier lourd du Croc
trp_fang_heavy_cavalry_pl|Cavalerie lourde du Croc
trp_harad_horse_archer|Archer monté du Harad
trp_harad_horse_archer_pl|Archers montés du Harad
trp_black_snake_horse_archer|Archer monté du Serpent noir
trp_black_snake_horse_archer_pl|Archers montés du Serpent noir
trp_gold_serpent_horse_archer|Archer monté du Serpent d'Or
trp_gold_serpent_horse_archer_pl|Archers montés du Serpent d'Or
trp_far_harad_tribesman|Guerrier tribal du Harad Lointain
trp_far_harad_tribesman_pl|Guerriers tribaux du Harad Lointain
trp_far_harad_champion|Champion du Harad Lointain
trp_far_harad_champion_pl|Champions du Harad Lointain
trp_far_harad_panther_guard|Garde de la Panthère
trp_far_harad_panther_guard_pl|Gardes de la Panthère
trp_dunnish_wildman|Homme sauvage du Pays de Dun
trp_dunnish_wildman_pl|Hommes sauvages du Pays de Dun
trp_dunnish_warrior|Guerrier du Pays de Dun
trp_dunnish_warrior_pl|Guerriers du Pays de Dun
trp_dunnish_pikeman|Piquier du Pays de Dun
trp_dunnish_pikeman_pl|Piquiers du Pays de Dun
trp_dunnish_veteran_pikeman|Piquier vétéran du Pays de Dun
trp_dunnish_veteran_pikeman_pl|Piquiers vétéran du Pays de Dun
trp_dunnish_raven_rider|Cavalier du Corbeau du Pays de Dun
trp_dunnish_raven_rider_pl|Cavaliers du Corbeau du Pays de Dun
trp_dunnish_vet_warrior|Guerrier vétéran du Pays de Dun
trp_dunnish_vet_warrior_pl|Guerriers vétérans du Pays de Dun
trp_dunnish_wolf_warrior|Guerrier du Loup du Pays de Dun
trp_dunnish_wolf_warrior_pl|Guerriers du Loup du Pays de Dun
trp_dunnish_wolf_guard|Garde du Loup du Pays de Dun
trp_dunnish_wolf_guard_pl|Gardes du Loup du Pays de Dun
trp_dunnish_chieftan|Chef de tribu du Pays de Dun
trp_dunnish_chieftan_pl|Chefs de tribu du Pays de Dun 
trp_easterling_youth|Esclave Variag
trp_easterling_youth_pl|Esclaves Variags
trp_easterling_warrior|Guerrier du Khand
trp_easterling_warrior_pl|Guerriers du Khand
trp_easterling_axeman|Manieur de hache Variag
trp_easterling_axeman_pl|Manieurs de haches Variags
trp_easterling_veteran_axeman|Manieur de hache vétéran Variag
trp_easterling_veteran_axeman_pl|Manieurs de haches vétérans Variags
trp_easterling_axe_master|Maître manieur de hache Variag
trp_easterling_axe_master_pl|Maîtres manieurs de haches Variags
trp_easterling_rider|Chevaucheur de poney variag
trp_easterling_rider_pl|Chevaucheurs de poneys variags
trp_easterling_horseman|Cavalier Variag
trp_easterling_horseman_pl|Cavaliers Variags
trp_easterling_veteran_horseman|Cavalier lourd Variag
trp_easterling_veteran_horseman_pl|Cavaliers lourds Variags
trp_easterling_horsemaster|Cataphracte Variag
trp_easterling_horsemaster_pl|Cataphractes Variags
trp_easterling_lance_kataphract|Lancier cataphracte Variag
trp_easterling_lance_kataphract_pl|Lanciers cataphractes Variags
trp_khand_glaive_whirler|Faucheur du Khand
trp_khand_glaive_whirler_pl|Faucheurs du Khand
trp_variag_veteran_glaive_whirler|Faucheur vétéran du Khand
trp_variag_veteran_glaive_whirler_pl|Faucheurs vétérans du Khand
trp_khand_glaive_master|Maître Hallebardier du Khand
trp_khand_glaive_master_pl|Maîtres Hallebardiers du Khand
trp_variag_pitfighter|Gladiateur Variag
trp_variag_pitfighter_pl|Gladiateurs Variags
trp_variag_gladiator|Berserker Variag
trp_variag_gladiator_pl|Berserkers Variag
trp_easterling_skirmisher|Tirailleur Variag
trp_easterling_skirmisher_pl|Tirailleurs Variags
trp_easterling_veteran_skirmisher|Tirailleur vétéran Variag
trp_easterling_veteran_skirmisher_pl|Tirailleurs vétérans Variags
trp_easterling_elite_skirmisher|Tirailleur lourd Variag
trp_easterling_elite_skirmisher_pl|Tirailleurs lourds Variags
trp_corsair_youth|Marin d'Umbar
trp_corsair_youth_pl|Marins d'Umbar
trp_corsair_warrior|Guerrier d'Umbar
trp_corsair_warrior_pl|Guerriers d'Umbar
trp_corsair_pikeman|Piquier d'Umbar
trp_corsair_pikeman_pl|Piquiers d'Umbar
trp_corsair_veteran_raider|Pilleur corsaire vétéran d'Umbar
trp_corsair_veteran_raider_pl|Pilleurs corsaires vétérans d'Umbar
trp_corsair_night_raider|Pilleur nocturne corsaire
trp_corsair_night_raider_pl|Pilleurs nocturne corsaires
trp_militia_of_umbar|Milicien d'Umbar
trp_militia_of_umbar_pl|Milice d'Umbar
trp_marksman_of_umbar|Tirailleur d'Umbar
trp_marksman_of_umbar_pl|Tirailleurs d'Umbar
trp_veteran_marksman_of_umbar|Tirailleur d'élite vétéran d'Umbar
trp_veteran_marksman_of_umbar_pl|Tirailleurs d'élite vétérans d'Umbar
trp_master_marksman_of_umbar|Maître tirailleur corsaire
trp_master_marksman_of_umbar_pl|Maîtres tirailleurs corsaires
trp_corsair_marauder|Épéiste d'Umbar
trp_corsair_marauder_pl|Épéistes d'Umbar
trp_corsair_veteran_marauder|Maraudeur vétéran d'Umbar
trp_corsair_veteran_marauder_pl|Maraudeurs vétérans d'Umbar
trp_corsair_elite_marauder|Maraudeur d'élite corsaire
trp_corsair_elite_marauder_pl|Maraudeurs d'élite corsaires
trp_assassin_of_umbar|Assassin d'Umbar
trp_assassin_of_umbar_pl|Assassins d'Umbar
trp_master_assassin_of_umbar|Maître assassin d'Umbar
trp_master_assassin_of_umbar_pl|Maîtres assassins d'Umbar
trp_pikeman_of_umbar|Piquier d'Umbar
trp_pikeman_of_umbar_pl|Piquiers d'Umbar
trp_veteran_pikeman_of_umbar|Piquier vétéran d'Umbar
trp_veteran_pikeman_of_umbar_pl|Piquiers vétérans d'Umbar
trp_pike_master_of_umbar|Maître piquier corsaire
trp_pike_master_of_umbar_pl|Maîtres piquiers corsaires
trp_orc_snaga_of_isengard|Orque snaga de l'Isengard
trp_orc_snaga_of_isengard_pl|Orques snagas de l'Isengard
trp_orc_of_isengard|Orque de l'Isengard
trp_orc_of_isengard_pl|Orques de l'Isengard
trp_large_orc_of_isengard|Grand Orque de l'Isengard
trp_large_orc_of_isengard_pl|Grands Orques de l'Isengard
trp_fell_orc_of_isengard|Orque féroce de l'Isengard
trp_fell_orc_of_isengard_pl|Orques féroces de l'Isengard
trp_large_orc_despoiler|Grand Orque saccageur
trp_large_orc_despoiler_pl|Grands Orques saccageurs
trp_fell_orc_despoiler|Saccageur orque féroce
trp_fell_orc_despoiler_pl|Saccageurs orques féroces
trp_wolf_rider_of_isengard|Chevaucheur de loup de l'Isengard
trp_wolf_rider_of_isengard_pl|Chevaucheurs de loups de l'Isengard
trp_warg_rider_of_isengard|Chevaucheur de Warg de l'Isengard
trp_warg_rider_of_isengard_pl|Chevaucheurs de Wargs de l'Isengard
trp_white_hand_rider|Cavalier de la Main Blanche
trp_white_hand_rider_pl|Cavaliers de la Main Blanche
trp_warg_ghost_1b|Warg
trp_warg_ghost_1b_pl|Wargs
trp_warg_ghost_1c|Warg
trp_warg_ghost_1c_pl|Wargs
trp_warg_ghost_1d|Warg
trp_warg_ghost_1d_pl|Wargs
trp_warg_ghost_a1b|Warg
trp_warg_ghost_a1b_pl|Wargs
trp_warg_ghost_a1c|Warg en armure
trp_warg_ghost_a1c_pl|Wargs en armures
trp_warg_ghost_a2b|Warg en armure
trp_warg_ghost_a2b_pl|Wargs en armures
trp_warg_ghost_a2c|Warg en armure
trp_warg_ghost_a2c_pl|Wargs en armures
trp_warg_ghost_a3a|Warg en armure
trp_warg_ghost_a3a_pl|Wargs en armures
trp_warg_ghost_h|Warg gigantesque
trp_warg_ghost_h_pl|Wargs gigantesques
trp_uruk_hai_tracker|Traqueur uruk-hai
trp_uruk_hai_tracker_pl|Traqueurs uruk-hai
trp_large_uruk_hai_tracker|Grand traqueur uruk-hai
trp_large_uruk_hai_tracker_pl|Grands traqueurs uruk-hai
trp_fighting_uruk_hai_tracker|Traqueur combattant uruk-hai
trp_fighting_uruk_hai_tracker_pl|Traqueurs combattants uruk-hai
trp_fighting_uruk_hai_berserker|Berserker combattant uruk-hai
trp_fighting_uruk_hai_berserker_pl|Berserks combattants uruk-hai
trp_uruk_snaga_of_isengard|Nouveau-né uruk-hai
trp_uruk_snaga_of_isengard_pl|Nouveaux-nés uruk-hai
trp_uruk_hai_of_isengard|Uruk-hai de l'Isengard
trp_uruk_hai_of_isengard_pl|Uruk-hai de l'Isengard
trp_large_uruk_hai_of_isengard|Grand Uruk-hai de l'Isengard
trp_large_uruk_hai_of_isengard_pl|Grands Uruk-hai de l'Isengard
trp_fighting_uruk_hai_warrior|Guerrier combattant uruk-hai
trp_fighting_uruk_hai_warrior_pl|Guerriers combattants uruk-hai
trp_fighting_uruk_hai_champion|Champion combattant uruk-hai
trp_fighting_uruk_hai_champion_pl|Champions combattants uruk-hai
trp_uruk_hai_pikeman|Piquier uruk-hai
trp_uruk_hai_pikeman_pl|Piquiers uruk-hai
trp_fighting_uruk_hai_pikeman|Piquier combattant uruk-hai
trp_fighting_uruk_hai_pikeman_pl|Piquiers combattants uruk-hai
trp_urukhai_standard_bearer|Porte-étendard uruk-hai
trp_urukhai_standard_bearer_pl|Porte-étendards uruk-hai
trp_uruk_snaga_of_mordor|Uruk snaga du Mordor
trp_uruk_snaga_of_mordor_pl|Uruks snagas du Mordor
trp_uruk_of_mordor|Uruk du Mordor
trp_uruk_of_mordor_pl|Uruks du Mordor
trp_large_uruk_of_mordor|Grand Uruk du Mordor
trp_large_uruk_of_mordor_pl|Grands Uruks du Mordor
trp_fell_uruk_of_mordor|Uruk féroce du Mordor
trp_fell_uruk_of_mordor_pl|Uruks féroces du Mordor
trp_uruk_slayer_of_mordor|Tueur uruk du Mordor
trp_uruk_slayer_of_mordor_pl|Tueurs uruks du Mordor
trp_fell_uruk_slayer_of_mordor|Tueur uruk féroce du Mordor
trp_fell_uruk_slayer_of_mordor_pl|Tueurs uruks féroces du Mordor
trp_black_uruk_of_barad_dur|Uruk noir de Barad-Dûr
trp_black_uruk_of_barad_dur_pl|Uruks noirs de Barad-Dûr
trp_uruk_mordor_standard_bearer|Porte-étendard du Mordor
trp_uruk_mordor_standard_bearer_pl|Portes-étendards du Mordor
trp_troll_of_moria|Troll de la Moria
trp_troll_of_moria_pl|Trolls de la Moria
trp_armoured_troll|Troll en armure
trp_armoured_troll_pl|Trolls en armures
trp_olog_hai|Olog-hai du Mordor
trp_olog_hai_pl|Olog-hai du Mordor
trp_ent|Ent
trp_ent_pl|Ents
trp_orc_snaga_of_guldur|Orque snaga de Guldur
trp_orc_snaga_of_guldur_pl|Orques snagas de Guldur
trp_orc_of_guldur|Orque de Guldur
trp_orc_of_guldur_pl|Orques de Guldur
trp_orc_snaga_of_mordor|Orque snaga du Mordor
trp_orc_snaga_of_mordor_pl|Orques snagas du Mordor
trp_orc_of_mordor|Orque du Mordor
trp_orc_of_mordor_pl|Orques du Mordor
trp_large_orc_of_mordor|Grand Orque du Mordor
trp_large_orc_of_mordor_pl|Grands Orques du Mordor
trp_fell_orc_of_mordor|Orque féroce du Mordor
trp_fell_orc_of_mordor_pl|Orques féroces du Mordor
trp_warg_rider_of_gorgoroth|Chevaucheur de Warg de Gorgoroth
trp_warg_rider_of_gorgoroth_pl|Chevaucheurs de Wargs de Gorgoroth
trp_great_warg_rider_of_mordor|Grand chevaucheur de Warg d'Udûn
trp_great_warg_rider_of_mordor_pl|Grands chevaucheurs de Wargs d'Udûn
trp_morgul_orc|Orque de Morgul
trp_morgul_orc_pl|Orques de Morgul
trp_fell_morgul_orc|Orque féroce de Morgul
trp_fell_morgul_orc_pl|Orques féroces de Morgul
trp_orc_tracker_of_mordor|Pisteur orque du Mordor
trp_orc_tracker_of_mordor_pl|Pisteurs orques du Mordor
trp_fell_orc_tracker_of_mordor|Pisteur orque féroce du Mordor
trp_fell_orc_tracker_of_mordor_pl|Pisteurs orques féroces du Mordor
trp_orc_archer_of_mordor|Archer orque du Mordor
trp_orc_archer_of_mordor_pl|Archers orques du Mordor
trp_large_orc_archer_of_mordor|Grand archer orque du Mordor
trp_large_orc_archer_of_mordor_pl|Grands archers orques du Mordor
trp_fell_orc_archer_of_mordor|Archer orque féroce du Mordor
trp_fell_orc_archer_of_mordor_pl|Archers orques féroces du Mordor
trp_wolf_rider_of_moria|Chevaucheur de loup de la Moria
trp_wolf_rider_of_moria_pl|Chevaucheurs de loups de la Moria
trp_warg_rider_of_moria|Chevaucheur de Warg de la Moria
trp_warg_rider_of_moria_pl|Chevaucheurs de Wargs de la Moria
trp_bolg_clan_rider|Cavalier du clan Bolg
trp_bolg_clan_rider_pl|Cavaliers du clan Bolg
trp_snaga_of_moria|Snaga de la Moria
trp_snaga_of_moria_pl|Snagas de la Moria
trp_goblin_of_moria|Gobelin de la Moria
trp_goblin_of_moria_pl|Gobelins de la Moria
trp_large_goblin_of_moria|Grand Gobelin de la Moria
trp_large_goblin_of_moria_pl|Grands Gobelins de la Moria
trp_fell_goblin_of_moria|Gobelin féroce de la Moria
trp_fell_goblin_of_moria_pl|Gobelins féroces de la Moria
trp_archer_snaga_of_moria|Archer snaga de la Moria
trp_archer_snaga_of_moria_pl|Archers snagas de la Moria
trp_large_goblin_archer_of_moria|Grand archer gobelin de la Moria
trp_large_goblin_archer_of_moria_pl|Grands archers gobelins de la Moria
trp_fell_goblin_archer_of_moria|Archer gobelin féroce de la Moria
trp_fell_goblin_archer_of_moria_pl|Archers gobelins féroces de la Moria
trp_goblin_gundabad|Gobelin de Gundabad
trp_goblin_gundabad_pl|Gobelins de Gundabad
trp_orc_gundabad|Orque de Gundabad
trp_orc_gundabad_pl|Orques de Gundabad
trp_orc_fighter_gundabad|Combattant orque de Gundabad
trp_orc_fighter_gundabad_pl|Combattants orques de Gundabad
trp_fell_orc_warrior_gundabad|Guerrier orque féroce de Gundabad
trp_fell_orc_warrior_gundabad_pl|Guerriers orques féroces de Gundabad
trp_goblin_bowmen_gundabad|Chasseur gobelin du Nord
trp_goblin_bowmen_gundabad_pl|Chasseurs gobelins du Nord
trp_keen_eyed_goblin_archer_gundabad|Archer gobelin du Nord aux yeux perçants
trp_keen_eyed_goblin_archer_gundabad_pl|Archers gobelins du Nord aux yeux perçants
trp_fell_goblin_archer_gundabad|Archer gobelin féroce du Nord
trp_fell_goblin_archer_gundabad_pl|Archers gobelins féroces du Nord
trp_goblin_rider_gundabad|Chevaucheur gobelin de Gundabad
trp_goblin_rider_gundabad_pl|Chevaucheurs gobelins de Gundabad
trp_warg_rider_gundabad|Chevaucheur de Warg de Gundabad
trp_warg_rider_gundabad_pl|Chevaucheurs de Wargs de Gundabad
trp_goblin_north_clan_rider|Chevaucheur gobelin du clan du Nord
trp_goblin_north_clan_rider_pl|Chevaucheurs gobelins du clan du Nord 
trp_mountain_goblin|Gobelin des Montagnes
trp_mountain_goblin_pl|Gobelins des Montagnes
trp_tribal_orc|Orque tribal
trp_tribal_orc_pl|Orques tribaux
trp_tribal_orc_warrior|Guerrier orque tribal
trp_tribal_orc_warrior_pl|Guerriers orques tribaux
trp_tribal_orc_chief|Chef orque tribal
trp_tribal_orc_chief_pl|Chefs orques tribaux
trp_black_numenorean_renegade|Númenoréen noir renégat
trp_black_numenorean_renegade_pl|Númenoréens noirs renégats
trp_black_numenorean_warrior|Guerrier Númenoréen noir
trp_black_numenorean_warrior_pl|Guerriers Númenoréens noirs
trp_black_numenorean_veteran_warrior|Guerrier vétéran Númenoréen noir
trp_black_numenorean_veteran_warrior_pl|Guerriers vétérans Númenoréens noirs
trp_black_numenorean_champion|Champion Númenoréen noir
trp_black_numenorean_champion_pl|Champions númenoréens noirs
trp_black_numenorean_assassin|Assassin númenoréen noir
trp_black_numenorean_assassin_pl|Assassins búmenoréens noirs
trp_black_numenorean_veteran_horseman|Cavalier númenoréen noir
trp_black_numenorean_veteran_horseman_pl|Cavaliers númenoréens noirs
trp_black_numenorean_horsemaster|Maître-cavalier númenoréen noir
trp_black_numenorean_horsemaster_pl|Maîtres-cavaliers númenoréens noirs
trp_noldorin_commander|Commandant ñoldorin
trp_noldorin_commander_pl|Commandants ñoldorin
trp_elf_captain_of_lothlorien|Capitaine elfe de la Lothlórien
trp_elf_captain_of_lothlorien_pl|Capitaines elfes de la Lothlórien
trp_lothlorien_lieutenant|Lieutenant de la Lothlórien
trp_lothlorien_lieutenant_pl|Lieutenants de la Lothlórien
trp_elf_captain_of_mirkwood|Capitaine elfe de Vertbois
trp_elf_captain_of_mirkwood_pl|Capitaines elfes de Vertbois
trp_mirkwood_lieutenant|Lieutenant de Vertbois
trp_mirkwood_lieutenant_pl|Lieutenants de Vertbois
trp_elf_captain_of_rivendell|Capitaine elfe de Fondcombe
trp_elf_captain_of_rivendell_pl|Capitaines elfes de Fondcombe
trp_rivendell_lieutenant|Lieutenant de Fondcombe
trp_rivendell_lieutenant_pl|Lieutenants de Fondcombe
trp_lieutenant_of_rohan|Lieutenant du Rohan
trp_lieutenant_of_rohan_pl|Lieutenants du Rohan
trp_captain_of_rohan|Capitaine du Rohan
trp_captain_of_rohan_pl|Capitaines du Rohan
trp_high_captain_of_rohan|Haut-capitaine du Rohan
trp_high_captain_of_rohan_pl|Hauts-capitaines du Rohan
trp_lieutenant_of_isengard|Lieutenant de l'Isengard
trp_lieutenant_of_isengard_pl|Lieutenants de l'Isengard
trp_captain_of_isengard|Capitaine de l'Isengard
trp_captain_of_isengard_pl|Capitaines de l'Isengard
trp_high_captain_of_isengard|Haut-capitaine de l'Isengard
trp_high_captain_of_isengard_pl|Hauts-capitaines de l'Isengard
trp_lieutenant_of_mordor|Lieutenant du Mordor
trp_lieutenant_of_mordor_pl|Lieutenants du Mordor
trp_captain_of_mordor|Capitaine du Mordor
trp_captain_of_mordor_pl|Capitaines du Mordor
trp_high_captain_of_mordor|Haut-capitaine du Mordor
trp_high_captain_of_mordor_pl|Hauts-capitaines du Mordor 
trp_easterling_chieftain|Chef de clan variag
trp_easterling_chieftain_pl|Chefs de clan variag
trp_easterling_lieutenant|Prêtre de guerre variag
trp_easterling_lieutenant_pl|Prêtres de guerre variag
trp_harad_chieftain|Chef de clan du Harad
trp_harad_chieftain_pl|Chefs de clan du Harad
trp_harad_lieutenant|Lieutenant du Harad
trp_harad_lieutenant_pl|Lieutenants du Harad
trp_black_numenorean_captain|Capitaine númenoréen noir
trp_black_numenorean_captain_pl|Capitaines númenoréens noirs
trp_black_numenorean_lieutenant|Lieutenant númenoréen noir
trp_black_numenorean_lieutenant_pl|Lieutenants númenoréens noirs
trp_dunnish_chieftain|Chef de clan du Pays de Dun
trp_dunnish_chieftain_pl|Chefs de clan du Pays de Dun
trp_dunnish_lieutenant|Lieutenant du Pays de Dun
trp_dunnish_lieutenant_pl|Lieutenants du Pays de Dun
trp_goblin_chieftain|Chef de clan gobelin
trp_goblin_chieftain_pl|Chefs de clan gobelin
trp_captain_of_gondor|Capitaine du Gondor
trp_captain_of_gondor_pl|Capitaines du Gondor
trp_nobleman|Noble
trp_nobleman_pl|Nobles
trp_gondor_agent|Agent du Gondor
trp_gondor_agent_pl|Agents du Gondor
trp_rohan_agent|Agent du Rohan
trp_rohan_agent_pl|Agents du Rohan
trp_mordor_agent|Agent du Mordor
trp_mordor_agent_pl|Agents du Mordor
trp_isengard_agent|Agent de l'Isengard
trp_isengard_agent_pl|Agents de l'Isengard
trp_looter|Pillard
trp_looter_pl|Pillards
trp_bandit|Bandit
trp_bandit_pl|Bandits
trp_brigand|Brigand
trp_brigand_pl|Brigands
trp_mountain_bandit|Bandit des montagnes
trp_mountain_bandit_pl|Bandits des montagnes
trp_forest_bandit|Bandit des forêts
trp_forest_bandit_pl|Bandits des forêts
trp_sea_raider|Pirate
trp_sea_raider_pl|Pirates
trp_steppe_bandit|Bandit des steppes
trp_steppe_bandit_pl|Bandits des steppes
trp_manhunter|Chasseur d'hommes
trp_manhunter_pl|Chasseurs d'hommes
trp_kidnapped_girl|Fille kidnappée
trp_kidnapped_girl_pl|Filles kidnappées
trp_refugee|Refugié
trp_refugee_pl|Refugiés
trp_peasant_woman|Paysanne
trp_peasant_woman_pl|Paysannes
trp_caravan_master|Chef de caravane
trp_caravan_master_pl|Chefs de caravane
trp_caravan_guard|Garde de caravane
trp_caravan_guard_pl|Gardes de caravane
trp_messenger_man|Messager
trp_messenger_man_pl|Messagers
trp_messenger_elf|Messager
trp_messenger_elf_pl|Messagers
trp_messenger_dwarf|Messager
trp_messenger_dwarf_pl|Messagers
trp_messenger_orc|Messager
trp_messenger_orc_pl|Messagers 
trp_messenger_evil_man|Messager
trp_messenger_evil_man_pl|Messagers 
trp_town_walker_1|Habitant
trp_town_walker_1_pl|Habitants
trp_town_walker_2|Habitante
trp_town_walker_2_pl|Habitantes
trp_village_walker_1|Villageois
trp_village_walker_1_pl|Villageois
trp_village_walker_2|Villageoise
trp_village_walker_2_pl|Villageoises
trp_spy_walker_1|Habitant
trp_spy_walker_1_pl|Habitants
trp_spy_walker_2|Habitante
trp_spy_walker_2_pl|Habitantes
trp_walker_man_gondor_black|Habitant
trp_walker_man_gondor_white|Habitant
trp_walker_man_gondor_blue|Habitant
trp_walker_man_gondor_green|Habitant
trp_walker_man_rohan_t|Habitant du Rohan
trp_walker_man_rohan_d|Habitant du Rohan
trp_walker_woman_rohan_t|Jeune fille du Rohan
trp_walker_woman_rohan_d|Jeune fille du Rohan
trp_walker_woman_gondor_b|Femme du Gondor
trp_walker_woman_gondor_bw|Femme du Gondor
trp_walker_woman_gondor_w|Noble du Gondor
trp_ramun_the_slave_trader|Ramun le marchand d'esclaves
trp_guide|Jimmy le Rapide
trp_galeas|Galeas
trp_farmer_from_bandit_village|Fermier
trp_farmer_from_bandit_village_pl|Fermiers
trp_trainer_1|Entraîneur
trp_trainer_2|Entraîneur
trp_trainer_3|Entraîneur
trp_trainer_4|Entraîneur
trp_trainer_gondor|Entraîneur
trp_trainer_rohan|Entraîneur
trp_trainer_dale|Entraîneur
trp_trainer_elf|Entraîneur
trp_trainer_beorn|Entraîneur
trp_trainer_dwarf|Entraîneur
trp_trainer_mordor|Entraîneur
trp_trainer_isengard|Entraîneur
trp_trainer_khand|Entraîneur
trp_trainer_rhun|Entraîneur
trp_trainer_harad|Entraîneur
trp_trainer_umbar|Entraîneur
trp_ransom_broker_1|Rançonneur
trp_ransom_broker_2|Rançonneur
trp_ransom_broker_3|Rançonneur
trp_ransom_broker_4|Rançonneur
trp_ransom_broker_5|Rançonneur
trp_ransom_broker_6|Rançonneur
trp_ransom_broker_7|Rançonneur
trp_ransom_broker_8|Rançonneur
trp_ransom_broker_9|Rançonneur
trp_ransom_broker_10|Rançonneur
trp_tavern_traveler_1|Voyageur
trp_tavern_traveler_2|Voyageur
trp_tavern_traveler_3|Voyageur
trp_tavern_traveler_4|Voyageur
trp_tavern_traveler_5|Voyageur
trp_tavern_traveler_6|Voyageur
trp_tavern_traveler_7|Voyageur
trp_tavern_traveler_8|Voyageur
trp_tavern_traveler_9|Voyageur
trp_tavern_traveler_10|Voyageur
trp_tavern_minstrel_1|Ménestrel
trp_npc1|Mablung
trp_npc2|Cirdil
trp_npc3|Ulfas
trp_npc4|Galmyne
trp_npc5|Glorfindel
trp_npc6|Luevanna
trp_npc7|Kili Doigtsdorés
trp_npc8|Faniul
trp_npc9|Gulm
trp_npc10|Durgash
trp_npc11|Ufthak
trp_npc12|Gorbag
trp_npc13|Lykyada
trp_npc14|Fuldimir
trp_npc15|Bolzog
trp_npc16|Varfang
trp_npc17|Dimborn
trp_gondor_lord|Intendant Denethor
trp_gondor_lord_pl|Intendant
trp_rohan_lord|Roi Théoden
trp_rohan_lord_pl|Roi
trp_isengard_lord|Saroumane
trp_isengard_lord_pl|Maître
trp_mordor_lord|Bouche de Sauron
trp_mordor_lord_pl|Satrap
trp_harad_lord|Chef Ul-Ulcari
trp_harad_lord_pl|Chef
trp_rhun_lord|Jarl Helcaroth
trp_rhun_lord_pl|Jarl
trp_khand_lord|Shibh Krukmahur
trp_khand_lord_pl|Shibh
trp_umbar_lord|Amiral Tulmir
trp_umbar_lord_pl|Amiral
trp_lorien_lord|Dame Galadriel
trp_lorien_lord_pl|Dame
trp_imladris_lord|Seigneur Elrond
trp_imladris_lord_pl|Seigneur
trp_woodelf_lord|Roi Thranduil
trp_woodelf_lord_pl|Roi
trp_moria_lord|Maître Bolg l'Inférieur
trp_moria_lord_pl|Maître
trp_guldur_lord|Maître Fuinur
trp_guldur_lord_pl|Maître
trp_gundabad_lord|Maître Burza Krual
trp_gundabad_lord_pl|Maître
trp_dale_lord|Roi Brand
trp_dale_lord_pl|Roi
trp_dwarf_lord|Roi Dáin II Pied de Fer
trp_dwarf_lord_pl|Roi
trp_dunland_lord|Chef Daeglaf le Noir
trp_dunland_lord_pl|Chef
trp_beorn_lord|Chef Grimbeorn le Vieux
trp_beorn_lord_pl|Chef
trp_lorien_marshall|Celeborn
trp_pippin_notmet|Semi-Homme
trp_merry_notmet|Semi-Homme
trp_pippin|Pippin
trp_merry|Merry
trp_knight_1_1|Angbor
trp_knight_1_2|Baranor
trp_knight_1_3|Prince Imrahil
trp_knight_1_4|Orthalion
trp_knight_1_5|Duinhir
trp_knight_1_6|Hirluin le Beau
trp_knight_1_7|Faramir
trp_knight_1_8|Forlong le Gros
trp_knight_1_9|Grimbold
trp_knight_1_10|Erkenbrand
trp_knight_1_11|Elfhelm
trp_knight_1_12|Hama
trp_knight_1_13|Gamling
trp_knight_1_14|Éomer
trp_knight_1_15|Ugluk
trp_knight_1_16|Mauhur
trp_knight_1_17|Mog Sept-Doigts
trp_knight_1_18|Hushnak Longues-Jambes
trp_knight_1_19|Gridash le Bûcheron
trp_knight_1_20|Gronkle Mangeur-d'Hommes
trp_knight_2_1|Capitaine Mortakh
trp_knight_2_2|Berúthiel
trp_knight_2_3|Skang
trp_knight_2_4|Pharakhâd le Bâtard
trp_knight_2_5|Grishnakh
trp_knight_2_51|Gothmog
trp_knight_2_51_pl|Lieutenant
trp_knight_2_6|Chef Karna le Lion
trp_knight_2_7|Chef Na’man
trp_knight_2_8|Chef Haarith
trp_knight_2_11|Kusulak
trp_knight_2_12|Ulwarth le Balchoth
trp_knight_2_13|Brodda
trp_knight_2_16|Torask
trp_knight_2_17|Lurmsakun
trp_knight_3_1|Capitaine Morbir
trp_knight_3_2|Capitaine Angamaitë
trp_knight_3_3|Capitaine Sangahyando
trp_knight_3_6|Haldir
trp_knight_3_7|Orophin
trp_knight_3_11|Elladan
trp_knight_3_12|Elrohir
trp_knight_3_13|Halbarad
trp_knight_3_16|Miriel
trp_knight_3_17|Gladvaethor
trp_knight_4_1|Maître Snog
trp_knight_4_2|Maître Snotgor
trp_knight_4_6|Général Tuskim
trp_knight_4_7|Général Mugslag
trp_knight_4_11|Beranhelm
trp_knight_4_12|Beranor Poil-Noir
trp_knight_4_16|Contremaître Brolgukhsh
trp_knight_4_17|Contremaître Grumrunt
trp_knight_4_18|Contremaître Grimsob
trp_knight_5_1|Seigneur Halward
trp_knight_5_2|Seigneur Bard
trp_knight_5_3|Seigneur Esgarain
trp_knight_5_6|Fulgni Barbe-Longue
trp_knight_5_7|Thorin Heaume-de-Pierre
trp_knight_5_11|Chef Fudreim
trp_knight_5_12|Chef Wulf
trp_smith_mtirith|Berethor le Forgeron
trp_smith_mtirith_pl|les Forgerons de l'Intendant
trp_smith_pelargir|Hallatan le Manieur de Métal
trp_smith_pelargir_pl|la Forge
trp_smith_linhir|Bor l'Armurier
trp_smith_linhir_pl|la Forge
trp_smith_dolamroth|Haldad le Forgeron
trp_smith_dolamroth_pl|les Forgerons d'Amroth
trp_smith_edhellond|Ryis le Plieur de Fer
trp_smith_edhellond_pl|la Forge
trp_smith_lossarnach|Berin le Fabriquant de haches
trp_smith_lossarnach_pl|la Forge
trp_smith_tarnost|Harandil Marteau de Fer
trp_smith_tarnost_pl|la Forge
trp_smith_erech|Lorne le Noir
trp_smith_erech_pl|la Forge
trp_smith_pinnath|Tarandil le Fabriquant d’épées
trp_smith_pinnath_pl|la Forge
trp_smith_eosgiliath|Bzurg le Pillard
trp_smith_eosgiliath_pl|la Forge
trp_smith_wosgiliath|Gardil
trp_smith_wosgiliath_pl|la Forge improvisée
trp_smith_calembel|Agronome
trp_smith_calembel_pl|la Forge
trp_smith_hannun|Fal le Forgeron des Rôdeurs
trp_smith_hannun_pl|Corps de Garde Rôdeur 
trp_smith_candros|Kalimdor
trp_smith_candros_pl|la Forge
trp_smith_edoras|Eaoden Maître de l'Acier
trp_smith_edoras_pl|la Forge du Roi
trp_smith_aldburg|Fulm Sabot de Fer
trp_smith_aldburg_pl|la Forge
trp_smith_hornburg|Aldhelm
trp_smith_hornburg_pl|la Forge
trp_smith_eastemnet|Eadfrid
trp_smith_eastemnet_pl|la Forge
trp_smith_westfold|Deor Fabriquant de Heaumes
trp_smith_westfold_pl|la Forge
trp_smith_westemnet|Armurier
trp_smith_westemnet_pl|la Forge
trp_smith_eastfold|Eaderan Sculpteur de Fer
trp_smith_eastfold_pl|la Forge
trp_smith_morannon|Hurbag Forgeur de Porte
trp_smith_morannon_pl|la Forge
trp_smith_mmorgul|Orgurz Vomisseur de Feu
trp_smith_mmorgul_pl|la Forge
trp_town_24_smith|Boz le Plieur de Fer
trp_town_24_smith_pl|la Forge
trp_smith_orc_patrol|Glugz Doigt de Fer
trp_smith_orc_patrol_pl|la Forge du camp
trp_smith_oscamp|Kugash Amant de Fer
trp_smith_oscamp_pl|la Forge du camp
trp_smith_isengard|Burz Cogneur de Fer
trp_smith_isengard_pl|la Forge souterraine
trp_smith_uoutpost|Gurzuk Dent de Fer
trp_smith_uoutpost_pl|la Forge de l'avant-poste
trp_smith_uhcamp|Rabzug Mangeur de Rouille
trp_smith_uhcamp_pl|la Forge du camp
trp_smith_urcamp|Glurk
trp_smith_urcamp_pl|la Forge du camp
trp_smith_cgaladhon|Dirufin l'Archer
trp_smith_cgaladhon_pl|Fabricants d'armes elfiques
trp_smith_cdolen|Dimirian Fabriquant de Flèches
trp_smith_cdolen_pl|Fabricants d'armes elfiques
trp_smith_camroth|Getasistan
trp_smith_camroth_pl|Fabricants d'armes elfiques
trp_smith_thranduils_halls|Thurinor
trp_smith_thranduils_halls_pl|la Forge
trp_smith_woodelf_camp|Calechir
trp_smith_woodelf_camp_pl|la Forge
trp_smith_beorn|Beornalaf Fabriquant de Haches
trp_smith_beorn_pl|la Forge
trp_smith_moria|Burgak le Forgeron
trp_smith_moria_pl|la Forge
trp_smith_dale|Ardel Main de Feu
trp_smith_dale_pl|la Forge
trp_smith_esgaroth|Kelegarn l'Archer
trp_smith_esgaroth_pl|la Forge
trp_smith_erebor|Thror le Marteleur
trp_smith_erebor_pl|les légendaires Forges naines
trp_smith_dunland|Dorrowuld Piquefer
trp_smith_dunland_pl|la Forge
trp_smith_harad|Har Plielacier
trp_smith_harad_pl|la Forge
trp_smith_khand|Pushurt le Marchandeur
trp_smith_khand_pl|la Forge
trp_smith_umbar|Fuinir le Forgeron
trp_smith_umbar_pl|la Forge
trp_smith_imladris|Duifirian
trp_smith_imladris_pl|Fabricants d'armes elfiques
trp_smith_dolguldur|Shtazg Dulbash
trp_smith_dolguldur_pl|la Forge
trp_smith_north_rhun|Ognjemir Kladivo
trp_smith_north_rhun_pl|la Forge de fortune
trp_smith_gundabad|Blurg Vendeurneige
trp_smith_gundabad_pl|la Forge
trp_smith_ironhill|la Forge des Monts du Fer
trp_smith_ironhill_pl|les Forgerons du camp nains
trp_town_50_weaponsmith|Armurier
trp_town_50_weaponsmith_pl|la Forge
trp_smith_gondor_ac|Bor l'Armurier
trp_smith_gondor_ac_pl|la Forge du camp
trp_smith_rohan_ac|Deor Fabriquant de Heaumes
trp_smith_rohan_ac_pl|la Forge du camp
trp_smith_mordor_ac|Hurbag Forgeur de Porte
trp_smith_mordor_ac_pl|la Forge
trp_smith_isengard_ac|Burz Cogneur de Fer
trp_smith_isengard_ac_pl|la Forge souterraine
trp_smith_lorien_ac|Dimirian Fabriquant de Flèches
trp_smith_lorien_ac_pl|Fabricants d'armes elfiques
trp_smith_woodelf_ac|Dhoelath
trp_smith_woodelf_ac_pl|la Forge
trp_smith_dwarf_ac|le Forgeron des Monts du Fer
trp_smith_dwarf_ac_pl|les Forgerons de camp nains
trp_smith_gundabad_ac|Blurg Vendeurneige
trp_smith_gundabad_ac_pl|la Forge
trp_smith_rhun_ac|Branimir Bronnik
trp_smith_rhun_ac_pl|la Forge de fortune
trp_smith_guldur_ac|Shtazg Dulbash
trp_smith_guldur_ac_pl|la Forge
trp_smith_imladris_ac|Duifirian
trp_smith_imladris_ac_pl|Fabricants d'armes elfiques
trp_smith_dunland_ac|Dorrowuld Piquefer
trp_smith_dunland_ac_pl|la Forge
trp_smith_harad_ac|Har Plielacier
trp_smith_harad_ac_pl|la Forge
trp_smith_khand_ac|Pushurt le Marchandeur
trp_smith_khand_ac_pl|la Forge
trp_smith_umbar_ac|Fuinir le Forgeron
trp_smith_umbar_ac_pl|la Forge
trp_barman_mtirith|Tavernier
trp_barman_mtirith_pl|la Citadelle 
trp_barman_pelargir|Tavernier
trp_barman_pelargir_pl|le Château
trp_barman_linhir|Tavernier
trp_barman_linhir_pl|le Château
trp_barman_dolamroth|Tavernier
trp_barman_dolamroth_pl|le Château
trp_barman_edhellond|Tavernier
trp_barman_edhellond_pl|le Château
trp_barman_lossarnach|Tavernier
trp_barman_lossarnach_pl|le Château
trp_barman_tarnost|Tavernier
trp_barman_tarnost_pl|le Château
trp_barman_erech|Tavernier
trp_barman_erech_pl|le Château
trp_barman_pinnath|Tavernier
trp_barman_pinnath_pl|le Château
trp_barman_hannun|Tavernier
trp_barman_hannun_pl|la Caverne secrète
trp_barman_calembel|Tavernier
trp_barman_calembel_pl|le Château
trp_barman_edoras|Tavernier
trp_barman_edoras_pl|Meduseld, le Château d'Or
trp_barman_aldburg|Tavernier
trp_barman_aldburg_pl|le Château
trp_barman_hornburg|Tavernier
trp_barman_hornburg_pl|les Halls du Seigneur
trp_barman_eastemnet|Tavernier
trp_barman_eastemnet_pl|le Château
trp_barman_westfold|Tavernier
trp_barman_westfold_pl|le Château
trp_barman_westemnet|Tavernier
trp_barman_westemnet_pl|le Château
trp_barman_eastfold|Tavernier
trp_barman_eastfold_pl|le Château
trp_barman_baraddur|Tavernier
trp_barman_baraddur_pl|le Château
trp_barman_morannon|Tavernier
trp_barman_morannon_pl|la caverne du chef
trp_barman_mmorgul|Tavernier
trp_barman_mmorgul_pl|la Tour
trp_barman_cungol|Tavernier
trp_barman_cungol_pl|le Château
trp_barman_isengard|Tavernier
trp_barman_isengard_pl|la Tour d'Orthanc
trp_barman_cgaladhon|Tavernier
trp_barman_cgaladhon_pl|le Château-arbre
trp_barman_cdolen|Tavernier
trp_barman_cdolen_pl|le Château-arbre
trp_barman_camroth|Tavernier
trp_barman_camroth_pl|le Château-arbre
trp_barman_thalls|Tavernier
trp_barman_thalls_pl|la Salle du Trône
trp_barman_beorn|Tavernier
trp_barman_beorn_pl|la Maison de Beorn
trp_barman_moria|Tavernier
trp_barman_moria_pl|la Chambre du Chef
trp_barman_dale|Tavernier
trp_barman_dale_pl|le Château
trp_barman_esgaroth|Tavernier
trp_barman_esgaroth_pl|le Hall
trp_barman_erebor|Tavernier
trp_barman_erebor_pl|la Chambre du Seigneur
trp_barman_dolguldur|Tavernier
trp_barman_dolguldur_pl|le Château
trp_merchant_mtirith|Maître de l'approvisionnement
trp_merchant_mtirith_pl|l'Écurie et l'Entrepôt
trp_merchant_pelargir|Maître de l'approvisionnement
trp_merchant_pelargir_pl|l'Écurie et l'Entrepôt
trp_merchant_linhir|Maître de l'approvisionnement
trp_merchant_linhir_pl|l'Écurie et l'Entrepôt
trp_merchant_dolamroth|Maître de l'approvisionnement
trp_merchant_dolamroth_pl|l'Écurie et l'Entrepôt
trp_merchant_edhellond|Maître de l'approvisionnement
trp_merchant_edhellond_pl|l'Écurie et l'Entrepôt
trp_merchant_lossarnach|Maître de l'approvisionnement
trp_merchant_lossarnach_pl|l'Écurie et l'Entrepôt
trp_merchant_tarnost|Maître de l'approvisionnement
trp_merchant_tarnost_pl|l'Écurie et l'Entrepôt
trp_merchant_erech|Maître de l'approvisionnement
trp_merchant_erech_pl|l'Écurie et l'Entrepôt
trp_merchant_pinnath|Maître de l'approvisionnement
trp_merchant_pinnath_pl|l'Écurie et l'Entrepôt
trp_merchant_eosgiliath|Maître de l'approvisionnement
trp_merchant_eosgiliath_pl|l'Écurie et l'Entrepôt
trp_merchant_wosgiliath|Maître de l'approvisionnement
trp_merchant_wosgiliath_pl|l'Écurie et l'Entrepôt
trp_town_12_horse_merchant|Maître de l'approvisionnement
trp_town_12_horse_merchant_pl|l'Écurie et l'Entrepôt
trp_town_13_horse_merchant|Maître de l'approvisionnement
trp_town_13_horse_merchant_pl|l'Écurie et l'Entrepôt
trp_merchant_edoras|Maîtresse de l'approvisionnement
trp_merchant_edoras_pl|l'Écurie et l'Entrepôt
trp_merchant_aldburg|Maître de l'approvisionnement
trp_merchant_aldburg_pl|l'Écurie du Roi et l'Entrepôt
trp_merchant_hornburg|Maître de l'approvisionnement
trp_merchant_hornburg_pl|l'Écurie et l'Entrepôt
trp_merchant_eastemnet|Maître de l'approvisionnement
trp_merchant_eastemnet_pl|l'Écurie et l'Entrepôt
trp_merchant_westfold|Maîtresse de l'approvisionnement
trp_merchant_westfold_pl|l'Écurie et l'Entrepôt
trp_merchant_westemnet|Maîtresse de l'approvisionnement
trp_merchant_westemnet_pl|l'Écurie et l'Entrepôt
trp_merchant_eastfold|Maîtresse de l'approvisionnement
trp_merchant_eastfold_pl|l'Écurie et l'Entrepôt
trp_town_21_horse_merchant|Maître de l'approvisionnement
trp_town_21_horse_merchant_pl|fosse et entrepôt
trp_merchant_morannon|Maître de l'approvisionnement
trp_merchant_morannon_pl|fosse et entrepôt
trp_merchant_mmorgul|Maître de l'approvisionnement
trp_merchant_mmorgul_pl|fosse et entrepôt
trp_town_24_horse_merchant|Maître de l'approvisionnement
trp_town_24_horse_merchant_pl|fosse et entrepôt
trp_merchant_orc_patrol|Maître de l'approvisionnement
trp_merchant_orc_patrol_pl|Planque du camp
trp_merchant_isengard|Maître de l'approvisionnement
trp_merchant_isengard_pl|Planque du camp
trp_town_27_horse_merchant|Maître de l'approvisionnement
trp_town_27_horse_merchant_pl|la Fosse à Wargs et l'Entrepôt
trp_merchant_uoutpost|Maître de l'approvisionnement
trp_merchant_uoutpost_pl|la Fosse à Wargs et l'Entrepôt
trp_merchant_uhcamp|Maître de l'approvisionnement
trp_merchant_uhcamp_pl|la Fosse à Wargs et l'Entrepôt
trp_merchant_urcamp|Maître de l'approvisionnement
trp_merchant_urcamp_pl|la Fosse à Wargs et l'Entrepôt
trp_merchant_cgaladhon|Maître de l'approvisionnement
trp_merchant_cgaladhon_pl|l'Entrepôt des Elfes
trp_merchant_cdolen|Maître de l'approvisionnement
trp_merchant_cdolen_pl|l'Entrepôt des Elfes
trp_merchant_camroth|Maître de l'approvisionnement
trp_merchant_camroth_pl|l'Entrepôt des Elfes
trp_merchant_thranduils_halls|Maître de l'approvisionnement
trp_merchant_thranduils_halls_pl|l'Entrepôt des Elfes
trp_merchant_woodelf_camp|Maître de l'approvisionnement
trp_merchant_woodelf_camp_pl|l'Entrepôt des Elfes
trp_merchant_woodmen|Maître de l'approvisionnement
trp_merchant_woodmen_pl|l'Écurie et l'Entrepôt
trp_merchant_beorn|Maître de l'approvisionnement
trp_merchant_beorn_pl|l'Écurie et l'Entrepôt
trp_merchant_moria|Maître de l'approvisionnement
trp_merchant_moria_pl|la Fosse à Wargs et l'Entrepôt
trp_merchant_dale|Maître de l'approvisionnement
trp_merchant_dale_pl|l'Écurie et l'Entrepôt
trp_merchant_esgaroth|Maître de l'approvisionnement
trp_merchant_esgaroth_pl|l'Écurie et l'Entrepôt
trp_merchant_erebor|Maître de l'approvisionnement
trp_merchant_erebor_pl|l'Entrepôt nain
trp_merchant_dunland|Maître de l'approvisionnement du Pays de Dun
trp_merchant_dunland_pl|Planque du camp
trp_merchant_harad|Maître des provisions du Harad
trp_merchant_harad_pl|Planque du camp
trp_merchant_khand|Maître de l'approvisionnement de Khand
trp_merchant_khand_pl|Planque du camp
trp_merchant_umbar|Maître de l'approvisionnement
trp_merchant_umbar_pl|Planque du camp
trp_merchant_imladris|Maître de l'approvisionnement
trp_merchant_imladris_pl|l'Entrepôt du camp
trp_merchant_dolguldur|Maître de l'approvisionnement
trp_merchant_dolguldur_pl|l'Écurie et l'Entrepôt
trp_merchant_north_rhun|Maître de l'approvisionnement
trp_merchant_north_rhun_pl|Planque du camp
trp_merchant_south_rhun|Maître de l'approvisionnement
trp_merchant_south_rhun_pl|Planque du camp
trp_merchant_gundabad|Maître de l'approvisionnement
trp_merchant_gundabad_pl|Planque du camp
trp_merchant_ironhill|Maître de l'approvisionnement
trp_merchant_ironhill_pl|l'Entrepôt nain
trp_town_50_horse_merchant|Maître de l'approvisionnement
trp_town_50_horse_merchant_pl|l'Écurie et l'Entrepôt
trp_merchant_calembel|Maître de l'approvisionnement
trp_merchant_calembel_pl|l'Écurie et l'Entrepôt
trp_elder_mtirith|Maître de la Guilde de Tirith
trp_elder_mtirith_pl|La Cité Blanche
trp_elder_pelargir|Maître de la Guilde des Marins
trp_elder_pelargir_pl|la Cité
trp_elder_linhir|Maître de la Guilde de Linhir
trp_elder_linhir_pl|la Cité
trp_elder_dolamroth|Maître de la Guilde de Dol Amroth
trp_elder_dolamroth_pl|la Cité
trp_elder_edhellond|Maître de la Guilde d'Edhellond
trp_elder_edhellond_pl|la Cité
trp_elder_lossarnach|Maître de la Guilde du Lossarnach
trp_elder_lossarnach_pl|la Ville
trp_elder_tarnost|Maître de la Guilde de Tarnost
trp_elder_tarnost_pl|La Ville
trp_elder_erech|Maître de la Guilde de Erech
trp_elder_erech_pl|La Ville
trp_elder_pinnath|l'Ancien de la Tribu de Pinnath
trp_elder_pinnath_pl|La Ville
trp_elder_ethring|Maître de la Guilde de Calembel
trp_elder_ethring_pl|la Cité
trp_elder_henneth|Maître de la Guilde des Rôdeurs
trp_elder_henneth_pl|Le Repaire
trp_elder_cairandros|Maître de la Guilde de Cair Andros
trp_elder_cairandros_pl|La Forteresse de l'Ile
trp_elder_edoras|Thain d'Edoras
trp_elder_edoras_pl|la Cité
trp_elder_aldburg|Thain d'Aldburg
trp_elder_aldburg_pl|La Ville
trp_elder_hornburg|Thain de For-le-Cor
trp_elder_hornburg_pl|La Forteresse
trp_elder_eastemnet|Thain de l'Estemnet
trp_elder_eastemnet_pl|La Ville
trp_elder_westfold|Thain de l'Ouestfolde
trp_elder_westfold_pl|La Ville
trp_elder_westemnet|Thain de l'Ouestemnet
trp_elder_westemnet_pl|La Ville
trp_elder_eastfold|Thain de l'Estfolde
trp_elder_eastfold_pl|La Ville
trp_elder_morannon|Chef de la porte noire
trp_elder_morannon_pl|Les Grottes surplombant la Porte Noire
trp_elder_mmorgul|Chef de Minas Morgul
trp_elder_mmorgul_pl|la Cité morte
trp_elder_cungol|Chef du Camp
trp_elder_cungol_pl|Le Camp
trp_elder_isengard|Grima Langue-de-Serpent
trp_elder_isengard_pl|la Cité
trp_elder_cgaladhon|Érudit de la Lórien
trp_elder_cgaladhon_pl|La Forteresse de la Forêt Elfique
trp_elder_cdolen|Érudit de la Lórien
trp_elder_cdolen_pl|Le Campement
trp_elder_camroth|Érudit de la Lórien
trp_elder_camroth_pl|Le Campement
trp_elder_thalls|l'Ancien de la Forêt Noire
trp_elder_thalls_pl|Les Cavernes Elfiques
trp_elder_imladris|Maître de Camp d'Imladris
trp_elder_imladris_pl|Le Camp
trp_elder_wvillage|Pierre le Forestier
trp_elder_wvillage_pl|Le Village
trp_elder_beorn|l'Ancien des Beornides
trp_elder_beorn_pl|Le Hameau
trp_elder_harad|Chef de Camp du Harad
trp_elder_harad_pl|Le Camp
trp_elder_rhun|Chef de camp de Rhûn
trp_elder_rhun_pl|Le Camp
trp_elder_khand|Chef de Camp du Khand
trp_elder_khand_pl|Le Camp
trp_elder_dunland|Chef de Camp du Pays de Dun
trp_elder_dunland_pl|Le Camp
trp_elder_umbar|Quartier-Maître d'Umbar
trp_elder_umbar_pl|Le Camp fortifié
trp_elder_moria|Chef de la Moria
trp_elder_moria_pl|Les Mines
trp_elder_gunda|Maître des Cavernes
trp_elder_gunda_pl|Les Cavernes
trp_elder_dale|Commandant de la place de Dale
trp_elder_dale_pl|la Cité
trp_elder_esgaroth|Commandant de la place d'Esgaroth
trp_elder_esgaroth_pl|la ville du Lac
trp_elder_erebor|Maître de Guilde d'Erebor
trp_elder_erebor_pl|les Halls
trp_elder_dolguldur|Chef de Dol Guldur
trp_elder_dolguldur_pl|La Forteresse Noire
trp_elder_gondor_ac|Maître de camp
trp_elder_gondor_ac_pl|Le camp
trp_elder_rohan_ac|Maître de camp
trp_elder_rohan_ac_pl|Le camp
trp_elder_mordor_ac|Maître de camp
trp_elder_mordor_ac_pl|Le camp
trp_elder_isengard_ac|Maître de camp
trp_elder_isengard_ac_pl|Le camp
trp_elder_lorien_ac|Maître de camp
trp_elder_lorien_ac_pl|Le camp
trp_elder_woodelf_ac|Maître de camp
trp_elder_woodelf_ac_pl|Le camp
trp_elder_imladris_ac|Maître de camp
trp_elder_imladris_ac_pl|Le camp
trp_elder_beorn_ac|Maître de camp
trp_elder_beorn_ac_pl|Le camp
trp_elder_harad_ac|Chef de Camp du Harad
trp_elder_harad_ac_pl|Le camp
trp_elder_rhun_ac|Chef de camp de Rhûn
trp_elder_rhun_ac_pl|Le camp
trp_elder_khand_ac|Chef de camp du Khand
trp_elder_khand_ac_pl|Le camp
trp_elder_dunland_ac|Chef de camp du Pays de Dun
trp_elder_dunland_ac_pl|Le camp
trp_elder_umbar_ac|Le Quartier-maître de l'Umbar
trp_elder_umbar_ac_pl|Le camp
trp_elder_moria_ac|Chef de camp de la Moria
trp_elder_moria_ac_pl|Le camp
trp_elder_gunda_ac|Chef de camp de Gundabad
trp_elder_gunda_ac_pl|Le camp
trp_elder_dale_ac|le commandant de la place du Camp de Dale
trp_elder_dale_ac_pl|Le camp
trp_elder_guldur_ac|Chef de camp de Dol Guldur
trp_elder_guldur_ac_pl|Le camp
trp_elder_dwarf_ac|Maître de camp nain
trp_elder_dwarf_ac_pl|Le camp
trp_village_1_elder|l'Ancien du village
trp_tutorial_chest_1|Coffre d'armes de mêlée
trp_tutorial_chest_2|Coffre d'armes à distance
trp_bonus_chest_1|Coffre bonus
trp_bonus_chest_2|Coffre bonus
trp_bonus_chest_3|Coffre bonus
trp_camp_chest_faction|Coffre de la faction
trp_camp_chest_none|Coffre vide
trp_player_chest|Votre coffre
trp_local_merchant|Marchand local
trp_local_merchant_pl|Marchands locaux
trp_tax_rebel|Paysan rebelle
trp_tax_rebel_pl|Paysans rebelles
trp_trainee_peasant|Paysan
trp_trainee_peasant_pl|Paysans
trp_fugitive_man|Homme suspect
trp_fugitive_man_pl|Hommes suspects
trp_fugitive_elf|Elfe suspect
trp_fugitive_elf_pl|Elfes suspects
trp_fugitive_dwarf|Nain suspect
trp_fugitive_dwarf_pl|Nains suspects
trp_fugitive_orc|Orque méfiant
trp_fugitive_orc_pl|Orques méfiants
trp_spy|Corsaire aux yeux fuyants
trp_spy_pl|Corsaires aux yeux fuyants
trp_spy_evil|Suderon aux yeux fuyants
trp_spy_evil_pl|Suderons aux yeux fuyants
trp_spy_partner|Maître espion
trp_spy_partner_pl|Maîtres espions
trp_spy_partner_evil|Maître espion
trp_spy_partner_evil_pl|Maîtres espions
trp_easter_egg_troll|Le Troll
trp_treebeard|Sylvebarbe
trp_ent_1|Bregalad
trp_ent_2|Finglas
trp_ent_3|Fladrif
trp_gandalf|Gandalf
trp_gandalf_pl|Gandalfs maisons
trp_nazgul|Nazgûl
trp_nazgul_pl|Nazgûl domestiqué
trp_barman|Barman
trp_elder|l'Ancien de la ville
trp_gear_merchant|Marchand d'équipement
trp_goods_merchant|Marchand de biens
trp_start_quest_caravaneer|Torbal le Caravanier
trp_dorwinion_bandit|Bandit du Dorwinion
trp_dorwinion_bandit_pl|Bandits du Dorwinion
trp_dorwinion_raider|Pilleur du Dorwinion
trp_dorwinion_raider_pl|Pilleurs du Dorwinion
trp_city_guard|Garde de la Cité
trp_city_guard_pl|Gardes de la Cité
trp_orc_sentry|Sentinelle orque
trp_orc_sentry_pl|Sentinelles orques
trp_uruk_hai_sentry|Sentinelle Uruk-hai
trp_uruk_hai_sentry_pl|Sentinelles Uruk-hai
trp_black_numenorean_sorcerer|Sorcier Númenoréen noir
trp_black_numenorean_sorcerer_pl|Sorciers Númenoréens noirs
trp_black_numenorean_acolyte|Acolyte Númenoréen noir
trp_black_numenorean_acolyte_pl|Acolytes Númenoréens noirs
trp_wolf_rider_of_mirkwood|Chevaucheur de loup de la Forêt Noire
trp_wolf_rider_of_mirkwood_pl|Chevaucheurs de loups de la Forêt Noire
trp_warg_rider_of_mirkwood|Chevaucheur de Warg de la Forêt Noire
trp_warg_rider_of_mirkwood_pl|Chevaucheurs de Wargs de la Forêt Noire
trp_gate_aggravator|La Porte tient bon
trp_orc_pretender|Prétendant orque
trp_human_prisoner|Prisonnier humain
trp_spider|Araignée de la Forêt Noire
trp_spider_pl|Araignées de la Forêt Noire
trp_bear|Ours
trp_bear_pl|Ours
trp_wolf|Wolf
trp_wolf_pl|Loups
trp_dorwinion_sack|Sac du Dorwinion
trp_ring_hunter_captain|Capitaine des Chasseurs d'Anneau
trp_ring_hunter_lt|Capitaine des Chasseurs d'Anneau
trp_ring_hunter_one|Chasseur d'Anneau
trp_ring_hunter_one_pl|Chasseurs d'Anneau
trp_ring_hunter_two|Chasseur d'Anneau
trp_ring_hunter_two_pl|Chasseurs d'Anneau
trp_ring_hunter_three|Chasseur d'Anneau
trp_ring_hunter_three_pl|Chasseurs d'Anneau
trp_ring_hunter_four|Chasseur d'Anneau
trp_ring_hunter_four_pl|Chasseurs d'Anneau
trp_start_quest_uruk|Capitaine Uruk du Mordor
trp_start_quest_orc|Lieutenant Orc du Mordor
trp_start_quest_orc_pl|Grands Orques du Mordor
trp_start_quest_woodelf|Archer royal d'élite des Galadhrim
trp_start_quest_woodelf_pl|Archers royaux d'élite des Galadhrim
trp_start_quest_mordor_scout|Guide du Mordor
trp_start_quest_mordor_scout_pl|Guides du Mordor
trp_start_quest_beorning|Berserker des hommes des bois du Carrock
trp_start_quest_beorning_pl|Berserkers des hommes des bois du Carrock 
